cod_departamento,departamento,cod_municipio,municipio,ano,bajo_peso_nacer,controles_prenatales,fecundidad_adolescente,mortalidad_fetal,mortalidad_general,mortalidad_infantil,mortalidad_materna,mortalidad_neonatal,partos_cesarea,partos_institucionales
5,Antioquia,5001,Medellín,2011.0,12.31850117,6.451871102,86.92755491,82.89241623,6.8061996,12.65592516,67.56756757,8.887733888,38.48942441,99.77624464
76,Valle del Cauca,76001,Cali,2013,10.5666772,6.929399943,66.74999496,97.85536676,7.175977418,13.7525122,43.06632214,8.756818834,40.20446844,99.70316817
11,"Bogotá, D.C.",11001,"Bogotá, D.C.",2013.0,13.33442338,6.850859154,63.99833099,89.44968504,4.315926553,11.77948528,32.69689121,,42.30669948,99.8033518
76, VALLE DEL CAUCA ,76001,Cali,2011.0,10.96030517,6.567886561,71.74477333,25.90199246,7.020015835,15.1473271,80.15921278,,38.71458189,99.72558561
70,Sucre,70001,Sincelejo,2005,7.807692308,5.11003566,129.6017403,11.8298515,4.658326285,,50.94243505,4.202750891,52.80337942,99.71335505
23,CÓRDOBA,23001,Montería,2019.0,11.66287592,5.823700335,160.364936,113.3079422,9.646031536,23.43503253,82.11736466,17.30781378,76.73551892,99.85748526
27,Chocó,27001,Quibdó,2018,9.742120344,4.705244579,131.7766166,14.65838509,5.560433128,,,11.34644478,36.98940998,96.66062646
68,Santander,68001,Bucaramanga,2006,9.925739292,5.479326891,111.0476501,17.43848091,7.949677768,13.21238415,52.58660356,8.873989351,48.30066653,99.21896041
50,  Meta  ,50001,Villavicencio,2016,6.672621706,5.612326932,96.47326507,120.7885023,6.552550648,14.38142028,62.52791425,8.217954444,35.33720411,99.74515336
8,Atlántico,8638,Sabanalarga,2013,7.573632539,6.645327103,138.8429752,12.00369344,4.960090032,14.95327103,46.72897196,9.813084112,53.59813084,100.0
73,  Tolima  ,73001,Ibagué,2014.0,7.888454861,6.680970958,75.80553526,44.22578975,6.608793362,11.70351105,75.85609016,7.693974859,48.60208062,99.78966014
44,La Guajira,44430,Maicao,2007,4.77326969,4.483860007,86.60727326,12.08459215,2.193700727,7.815154604,,1.698946653,35.77762619,99.65671129
8,atlántico,8638,Sabanalarga,2014.0,7.326646315,6.38988225,150.1187648,10.35822184,5.336025382,15.69995639,87.22197994,12.64718709,56.86873092,100.0
68,Santander,68001,Bucaramanga,2011.0,12.70313573,6.367027769,110.9091715,47.79892489,6.684199201,10.83307904,53.40250229,7.628928898,58.23605707,98.62702024
8,atlántico,8638,Sabanalarga,2011.0,9.45709282,6.954028021,141.4611447,12.96456353,3.767704475,20.57793345,131.3485114,14.01050788,,99.95150339
41,Huila,41001,Neiva,2010,8.635824437,6.48793185,122.8505691,135.7873211,8.416153204,19.8769522,153.8097492,13.84287743,,99.57678356
27,Chocó,sin dato,Quibdó,2009,10.45576408,4.447058824,,19.3250649,6.260013833,36.76470588,176.4705882,22.94117647,31.99052133,98.88721805
5,Antioquia,5001,Medellín,2015,,7.450503013,86.14341994,110.8620469,7.21983572,10.92463204,24.01018032,6.770870849,34.77154313,99.85484784
50,Meta,50001,Villavicencio,2018,6.793225386,5.747464409,80.69831656,107.4661573,6.102575116,10.70066065,27.91476691,4.466362706,35.0423374,99.76321273
52,Nariño,52001,Pasto,2015.0,13.04297193,6.72109002,89.2179787,148.1995834,7.518301428,17.7011762,81.51857459,12.22778619,61.3136136,99.67868618
44,La Guajira,44650,San Juan Del Cesar,2008,8.051628765,5.086503067,190.4212349,16.88781665,4.57944467,9.81595092,61.34969325,6.748466258,57.82019704,99.36020473
5,antioquia,5001,Medellín,2007,,5.845313585,97.27099946,72.84626113,6.544548843,16.63966674,37.02846563,10.80768341,32.82739969,99.65823326
44, LA GUAJIRA ,44650,San Juan Del Cesar,2018.0,8.685843204,4.861534123,516.7310167,17.18403548,12.28791774,18.89452905,84.60236887,,64.80541455,99.91364421
8,Atlántico,8758,Soledad,2011.0,8.614137319,5.17781155,,9.284818068,1.121430205,7.092198582,101.3171226,4.30597771,,99.94887526
52,Nariño,52001,Pasto,2007,,5.877996624,,19.53211212,6.939688627,23.29769274,112.5492403,15.98199212,,99.0810935
68,Santander,68001,Bucaramanga,2010,11.96428571,6.204118029,99.40880228,27.74274905,7.673224815,13.8618677,56.74448768,8.592736706,58.95916213,99.85841592
8,,8758,Soledad,2015.0,,5.427889447,41.33716751,25.70379437,1.629590636,7.788944724,25.12562814,5.778894472,84.97487437,99.8733536
47,Magdalena,47189,Ciénaga,2006,8.38658147,4.411741214,126.2595106,13.00748916,3.835691501,23.1629393,119.8083067,15.17571885,,99.79355904
52,nariño,52835,San Andres De Tumaco,2016,5.479452055,4.777389277,93.28321298,12.08981002,3.216143471,8.158508159,116.5501166,,58.91608392,99.38162544
68,  Santander  ,"68,001",Bucaramanga,2019,10.27042787,6.747977553,,61.23426382,8.068699791,9.693171052,29.15239414,5.830478828,51.27177319,99.85046729
66,Risaralda,66001,Pereira,2009,9.879924163,6.412147961,111.2378496,38.10775296,8.852186312,14.50189155,73.56031946,8.301807482,29.19907505,99.52713595
17,Caldas,17001,Manizales,2016,11.18828609,7.608785433,58.37184017,15.34195933,8.659860214,14.64238784,18.7722921,8.635254365,32.43852074,99.7488408
19,CAUCA,19001,Popayán,2013,10.76517782,6.032211711,174.0914921,37.79237239,7.08447466,,71.84768291,8.262483535,44.84492875,99.84097859
19,Cauca,19001,Popayán,2006.0,10.5299667,5.348177583,145.4792116,15.64607499,6.961543368,17.95012332,54.80953686,10.00274048,39.62865457,99.08334509
8,Atlántico,8638,Sabanalarga,2017,,5.827169275,167.8832117,11.94659171,5.124421758,11.02418208,142.2475107,6.756756757,,100.0
52,Nariño,52356,Ipiales,2019.0,10.12567325,7.785637343,121.7410041,118.9496995,7.46603214,4.667863555,107.7199282,3.231597846,38.95870736,99.70813572
73,  Tolima  ,73001,Ibagué,2017,8.618734407,6.499943317,66.77284979,48.84623679,6.63740347,10.31629067,34.00974946,6.235120735,40.80036277,99.71051413
19,Cauca,19001,Popayán,2014.0,,6.177066356,165.2345764,46.2973243,7.567359311,10.47729919,46.56577416,8.614668219,45.37834692,99.79853046
5,Antioquia,5045,Apartadó,2019.0,8.864344378,6.218918153,135.31686,111.2509439,5.816425586,9.345794393,84.9617672,5.664117814,35.42905692,99.5968903
8,Atlántico,8638,Sabanalarga,2019,8.557306148,5.598702502,212.2944961,13.71115174,5.979073244,,30.89280198,11.73926475,54.00061786,99.9375
18,Caquetá,18001,Florencia,2012.0,6.87183074,5.294574983,222.9315001,9.243409791,5.527871984,10.1935038,120.9398756,5.528680028,44.35609334,98.27555868
8,Atlántico,8001,Barranquilla,2012,,5.838095808,126.196301,13.43133782,6.784599584,15.17010263,71.81113671,9.275605158,75.59019778,99.96331621
5,Antioquia,5001,Medellín,2014,11.76841415,7.309474587,87.93865709,109.0945846,6.902970477,10.8914885,25.21177894,6.933239209,,99.81153995
8,Atlántico,"87,58",Soledad,2009,6.75012273,5.243137255,36.6422115,13.53965184,1.45820205,7.843137255,49.01960784,5.147058824,,99.67669734
18,Caquetá,18001,Florencia,2018.0,6.055271959,5.490147783,164.0863242,62.51030843,5.614541608,7.21323012,52.77973258,5.629838142,,99.74937343
76,Valle del Cauca,76109,Buenaventura,2008,6.897217929,5.320632501,75.90284436,7.75047259,3.111569538,10.09716136,133.358735,6.66793675,26.90686087,-1.7
44,LA GUAJIRA,44650,San Juan Del Cesar,2019,9.149987003,4.632960749,,14.34793748,9.465352264,17.41616844,155.9656875,11.43748375,59.44892124,99.89423585
15,Boyacá,15001,Tunja,2014.0,15.24614254,6.729426892,118.9657217,15.90744758,9.498874849,12.30712711,,7.898603968,42.46877296,99.7731569
50,Meta,50001,Villavicencio,2007,7.007381108,5.043898399,116.7260815,7.127192982,6.151741287,19.87852015,128.8422603,12.33204491,31.54986647,98.20106812
20,  Cesar  ,"20,001",Valledupar,2005,8.823529412,4.812435428,114.0096618,14.80521884,4.675928276,22.91725369,65.74621959,16.24870856,50.42356565,96.90891473
8,Atlántico,8638,Sabanalarga,2018,,5.780916293,176.0743322,17.2647258,5.447063816,11.71202205,68.89424733,8.26730968,54.83982087,100.0
66,Risaralda,66001,Pereira,2005.0,,6.232184161,99.61209469,16.78579164,8.695612955,17.84337482,88.11543121,12.0057275,28.69268078,99.58394243
20,Cesar,20001,Valledupar,2017.0,9.83065442,6.04096714,126.3061251,13.72771016,5.931313405,17.72133735,107.6194576,,67.91505237,99.8387215
17,Caldas,17001,Manizales,2009.0,9.089266353,6.636232407,69.82718356,24.46752332,7.638659112,14.79610249,,11.36773728,,99.59491806
8,Atlántico,8758,Soledad,2007,6.114050558,4.287009947,33.06833559,12.99451343,1.409592563,8.484493856,,4.973668812,45.67901235,99.52718676
41,Huila,41001,Neiva,2012,,6.257575758,146.4878437,135.0690197,7.940624162,20.50505051,40.4040404,14.54545455,47.46464646,99.52708954
11,,11001,"Bogotá, D.C.",2010.0,13.62046115,5.919924945,66.78264774,71.52790513,4.461701881,13.38150456,48.55527483,8.377842335,38.25792526,99.77424553
52,Nariño,52001,Pasto,2014,13.16198446,6.415062762,92.27063259,155.3064728,7.735577211,16.8559474,203.2277346,,60.6096832,99.67028941
19,Cauca,19001,Popayán,2009,10.50204243,5.702485861,151.8118671,15.53800337,6.444275967,16.04629751,65.7635144,12.10048665,39.89200579,99.5560339
54,norte de santander,54001,Cúcuta,2012,7.560829975,5.494966691,,16.02330663,7.184165358,,66.6173205,8.808290155,63.20503331,99.02093689
76,Valle del Cauca,76001,Cali,2006.0,12.22753993,6.550292018,81.58403288,17.82072201,7.108622474,17.93640493,93.44581441,11.36924075,36.47728454,99.43948571
70,Sucre,70001,Sincelejo,2007.0,8.66529304,5.667390311,144.5189434,29.49656243,5.732588029,13.25411335,102.833638,8.797989031,59.19395466,99.6961907
70,Sucre,70001,Sincelejo,2018,10.59030689,6.017765859,197.0875267,64.73861588,9.095062232,11.22936395,,8.212519903,81.58049108,99.87196996
76,Valle del Cauca,76109,Buenaventura,2009,7.56501182,4.681915934,72.85601888,13.11981478,2.874976463,11.9257087,,5.865102639,28.2792527,96.28
52,Nariño,"52,001",Pasto,2013.0,,6.432324243,101.4869888,146.3961559,7.36785656,18.76407305,125.0938204,11.88391293,62.05904428,99.59261617
66,risaralda,66001,Pereira,2015.0,,6.815635682,97.22671846,85.87843967,10.09556826,10.69577682,44.10629617,8.049399052,32.62763259,99.63972078
52, NARIÑO ,52356,Ipiales,2005,7.952035342,5.568460812,113.9289895,10.58860168,4.031999414,15.42335537,31.47623544,12.27573182,36.31778058,98.40713603
8,Atlántico,8638,Sabanalarga,2016.0,9.067903838,6.158161113,142.9249763,13.31668747,5.068214336,11.80936314,,8.857022353,54.91353859,99.95719178
23,Córdoba,23001,Montería,2006,10.01728687,4.964240334,122.4168677,140.6956793,6.010186669,28.77110183,81.68451625,19.33200218,56.40349281,99.49767442
17,Caldas,17001,Manizales,2019,12.16013702,7.169985014,39.68803069,16.01011165,8.190954318,18.19738814,,11.1325198,31.74909013,99.78074984
44,La Guajira,44650,San Juan Del Cesar,2007,7.61654629,4.46722365,172.6495726,10.80737444,3.655505191,16.06683805,,,54.52781371,98.75573019
8,Atlántico,8638,Sabanalarga,2009.0,10.27739882,6.078181818,129.8521257,11.23595506,3.906805721,15.45454545,45.45454545,9.090909091,53.91747798,99.76722533
8,Atlántico,8758,Soledad,2014.0,8.685195083,5.030197755,35.74306013,30.06739243,1.64938265,10.95670764,26.72367718,9.086050241,81.13308391,99.8919503
8,  Atlántico  ,8001,Barranquilla,2020,9.213527074,5.555971851,101.0853905,18.82811751,11.60290367,20.16680785,91.22304033,,65.12021894,99.92687872
66,,66001,Pereira,2012,,6.488655822,107.8935315,103.3490068,9.24689913,13.48458904,,8.026541096,32.74828767,99.60474308
68, SANTANDER ,68001,Bucaramanga,2013,10.43733093,6.859675481,114.0053362,44.36468055,8.439203002,15.47475962,30.04807692,10.36658654,57.02373798,99.89222479
8,atlantico,8638,Sabanalarga,2020.0,7.800205269,5.547040712,,6.458191706,6.436845945,13.00034211,34.21142662,8.210742388,59.2541909,99.96525365
20,Cesar,20001,Valledupar,2017.0,9.83065442,6.04096714,126.3061251,13.72771016,5.931313405,17.72133735,107.6194576,,67.91505237,99.8387215
5,antioquia,5615,Rionegro,2006,,6.266160764,130.1921885,54.98007968,7.757384152,,28.10567735,2.529510961,,99.91438356
27,CHOCÓ,27001,Quibdó,2008,8.555486671,4.20498948,108.8743975,21.75830638,5.741576388,32.46167719,120.228434,21.34054704,30.9156845,98.42056364
8,ATLÁNTICO,"86,38",Sabanalarga,2009.0,10.27739882,6.078181818,129.8521257,11.23595506,3.906805721,15.45454545,45.45454545,9.090909091,53.91747798,99.76722533
5,Antioquia,sin dato,Medellín,2005.0,13.66757923,5.348047499,91.65176645,79.4979971,6.305277865,17.01349506,83.33140437,12.40712021,32.46823024,99.58484444
5,antioquia,"50,01",Medellín,2016,10.73895446,7.589797649,82.26193461,105.5209936,7.578246552,10.10541621,31.50369563,6.373439961,,99.79182672
44,La Guajira,44001,Riohacha,2006.0,9.75493695,4.61392833,82.6368575,15.31291611,3.118120752,30.8767185,135.2265044,12.84651792,35.10038349,94.30087679
5,Antioquia,5045,Apartadó,2011,,5.408922849,137.7137714,44.73746174,2.973573159,,98.59502095,2.464875524,31.69587756,99.6007984
76,Valle del Cauca,76109,Buenaventura,2013,7.255166217,5.341627438,,27.8927871,2.850425483,14.12239408,224.1649854,,31.50224215,94.30727023
15,Boyacá,sin dato,Tunja,2008,13.30434783,6.335941575,139.9436469,12.19512195,9.180172288,15.99721788,86.9414015,11.6501478,30.49756437,99.55689472
47,Magdalena,"47,189",Ciénaga,2019,7.023506089,4.749362787,191.4893617,42.31082181,4.137874637,8.779382611,28.32058907,6.513735486,37.58142169,99.33851021
15,  Boyacá  ,15001,Tunja,2009,,6.471756248,146.0825158,13.84199865,8.815325195,14.54981171,85.5871277,10.61280383,33.64758313,99.52739366
13,Bolívar,13001,Cartagena,2017,9.160305344,6.403254319,107.7179465,38.06763285,5.641625085,12.17356368,72.31820008,8.316593009,59.90759341,99.86874487
17,caldas,17001,Manizales,2010.0,8.749096168,6.707475623,74.7993189,16.86490325,8.082576128,17.6959191,72.22824124,12.45937161,25.66371681,99.57720588
5, ANTIOQUIA ,5045,Apartadó,2007.0,6.141701964,5.182063125,181.7740565,108.2889995,3.552207443,11.16243264,76.98229407,7.505773672,32.38297053,99.37377691
76,Valle del Cauca,76109,Buenaventura,2020.0,,4.52603536,58.10916688,42.88363468,4.650014271,15.01574231,96.87575684,9.445386292,31.26665052,95.87932303
44,La Guajira,44650,San Juan Del Cesar,2013.0,12.37569061,5.514917127,418.7344913,10.20780168,9.862908322,14.73296501,,11.04972376,,99.54734063
5,Antioquia,5001,Medellín,2020,,6.821406201,53.5802735,52.4050946,8.664558321,8.821380102,26.0987577,5.715627936,33.25503706,99.77273335
13,Bolívar,13001,Cartagena,2010,,5.770086648,96.06715731,17.55743652,4.431004965,12.94801103,68.92477353,6.74478141,62.50741546,99.74339623
5,Antioquia,"56,15",Rionegro,2012,14.15628539,6.695130238,188.1130987,9.867683337,7.891582604,,22.65005663,5.209513024,41.29105323,99.88420565
76,VALLE DEL CAUCA,76001,Cali,2012,10.76819671,6.504214388,71.88924328,51.97908094,7.00498071,14.56133964,92.40850158,9.408865616,39.99327938,99.69610963
44,La Guajira,44001,Riohacha,2014.0,9.010827675,5.08405212,106.1362826,10.17257039,2.353778034,18.16847128,110.1119471,9.543035419,58.85483575,99.62539801
5,  Antioquia  ,5615,Rionegro,2019.0,,7.349642005,144.9621665,89.95475113,11.8592936,12.92760541,39.77724741,6.364359586,36.83373111,99.89810475
8,Atlántico,8758,Soledad,2018.0,7.866972477,5.558715596,36.26058454,25.04472272,2.099821838,,22.93577982,9.862385321,73.92201835,99.79157017
76,Valle del Cauca,76001,Cali,2010,11.58156912,6.877012307,70.19966336,20.75137142,7.01930085,,62.24359881,9.704342906,,99.75358748
19,Cauca,19001,Popayán,2005.0,10.86206897,4.896600567,138.5703064,15.61628555,6.612148171,,42.49291785,13.17280453,41.52895531,99.2967033
47, MAGDALENA ,47001,Santa Marta,2005.0,7.026798903,5.745176595,83.09740227,10.53619862,4.417386448,24.24881392,126.5155509,17.18502899,47.53405851,99.48314849
27,chocó,27001,Quibdó,2005,9.136714814,3.447766097,99.31458945,23.73316228,6.022549132,41.39290407,197.109067,26.60972405,18.99109792,98.03921569
52,Nariño,52356,Ipiales,2018.0,9.528519618,7.937171053,,121.8948585,5.279944975,5.921052632,32.89473684,,34.04605263,99.53333333
76,Valle del Cauca,76109,Buenaventura,2012.0,8.290598291,4.760013636,78.53965332,10.95751854,2.556317206,12.61291972,,10.0562468,,95.84124245
44,La Guajira,44650,San Juan Del Cesar,2015.0,10.40569836,6.033446888,454.2546385,14.04580153,11.9752458,10.21988232,92.90802106,4.645401053,73.49024466,99.77827051
54,Norte de Santander,54001,Cúcuta,2008,7.252559727,5.777973052,111.9623471,13.86481802,7.456837304,20.76417366,32.54572675,13.0182907,57.82920469,99.03986227
68,santander,68001,Bucaramanga,2020.0,,6.204052891,75.0101365,60.22058824,9.289989925,8.293560754,62.59291135,6.259291135,49.94914326,99.81579369
47,Magdalena,"47,001",Santa Marta,2012,10.47160004,5.798790284,101.6280441,32.37311385,5.808616584,18.8072961,75.60722049,11.057556,,99.8841587
15,Boyacá,15001,Tunja,2017,15.90828924,7.125749559,107.7971403,32.25806452,9.195143655,9.700176367,70.54673721,7.054673721,,99.83603571
54,Norte de Santander,54001,Cúcuta,2006,6.295664049,4.824146982,109.5625108,15.37666365,7.179596002,15.6824147,,,50.17223105,96.24356661
50,Meta,50001,Villavicencio,2010.0,7.750249569,5.387210564,116.5260264,136.6546931,6.351950427,15.46671491,36.17945007,9.497105644,34.40159334,99.32319674
52,,52356,Ipiales,2012,6.935428767,5.861633071,118.7806587,31.75653325,4.506733044,4.783054322,,2.733173898,30.23573625,99.17184265
8,Atlántico,8638,Sabanalarga,2010,9.005524862,6.097790055,110.6737671,2.754820937,2.636726137,11.60220994,55.24861878,6.629834254,54.93348115,99.93887531
52, NARIÑO ,52356,Ipiales,2010.0,8.046817849,5.641550841,109.4917788,30.4964539,3.502484981,6.583760059,,4.023408925,39.76565361,99.59289415
76,Valle del Cauca,76109,Buenaventura,2006,6.231823847,4.762607626,69.56907057,13.34951456,4.100742365,,,8.200082001,23.67279488,95.05505921
19,CAUCA,19001,Popayán,2011,10.33004158,5.842775468,157.0493754,32.31484974,7.368413198,16.63201663,155.9251559,10.00519751,43.72401247,99.69463622
44,La Guajira,sin dato,Riohacha,2020,9.994288978,3.642876638,156.1492879,13.99354144,4.795901684,14.87445415,245.6331878,9.961790393,44.3231441,94.69161469
54,Norte de Santander,54001,Cúcuta,2008,7.252559727,5.777973052,111.9623471,13.86481802,7.456837304,20.76417366,32.54572675,13.0182907,57.82920469,99.03986227
66,risaralda,66001,Pereira,2007.0,9.219858156,6.349440895,116.5781242,68.88537696,9.058479298,16.57348243,79.87220447,12.67971246,28.19770344,99.75510204
68,santander,68001,Bucaramanga,2015,9.926324962,7.009818671,100.5503908,47.22746134,8.745759244,,31.67313326,6.968089318,51.95185684,99.86953686
50,Meta,50001,Villavicencio,2017.0,6.864369821,5.604604517,92.90084578,103.7905432,5.982071571,,69.7654138,6.191680474,35.97279149,99.75931539
52,Nariño,52356,Ipiales,2008,6.03366148,5.791560914,132.9569788,46.58197217,4.094244225,7.614213198,,4.124365482,,99.15803109
73,Tolima,73001,Ibagué,2020.0,9.249033683,6.063172414,51.82594477,42.90429043,9.682111103,10.48275862,13.79310345,6.620689655,44.31724138,99.80248307
73,Tolima,73001,Ibagué,2006.0,,5.482855362,85.82486284,102.5736665,6.287024803,17.7680798,155.8603491,10.70241064,33.51711224,99.14113031
44,La Guajira,"44,430",Maicao,2019,8.310626703,3.716562245,172.1775071,15.55376777,4.92081954,30.10078998,190.6837374,16.07191501,47.91609916,98.65352582
17,caldas,sin dato,Manizales,2014,9.592913683,7.096099491,70.88979374,14.85056618,8.030367917,13.19012625,56.52911249,6.783493499,32.97531562,99.80754426
17,Caldas,17001,Manizales,2015.0,10.13157895,7.481112573,65.41236766,14.62962963,7.988386038,12.40368352,37.58691975,6.953580154,31.98646871,99.82722212
52,Nariño,52356,Ipiales,2007,6.599450046,5.646322856,126.7244777,49.8695274,4.676770585,8.23924321,91.54714678,4.882514495,38.72938302,98.76809362
44,  La Guajira  ,44430,Maicao,2020.0,9.925261584,3.370112945,153.7795105,13.85120663,5.181767096,20.27222705,188.2421083,13.61135245,46.64060237,95.5292376
73,tolima,73001,Ibagué,2008,9.080059672,6.062105055,84.781882,80.61002179,6.297727696,15.60031596,69.11532385,10.56477093,38.68194842,98.96001616
76,Valle del Cauca,76109,Buenaventura,2016.0,8.761528327,5.689132821,56.2234614,34.13910093,1.748942172,,131.7233809,3.951701427,31.65751921,96.20196604
20,  Cesar  ,20001,Valledupar,2008,11.0843166,5.622772781,124.4302644,17.50583528,5.359632095,23.84184626,76.36178517,15.7814356,70.2196769,98.05630611
66, RISARALDA ,66001,Pereira,2006,7.496101582,6.20554504,100.308335,30.8621992,8.463106948,15.03173366,55.67308763,10.24384812,29.95432773,99.71603816
5,Antioquia,5045,Apartadó,2008,7.779268059,5.464176245,178.5246097,85.49404345,3.694128899,11.30268199,38.31417625,8.620689655,31.93406172,99.43359375
52,Nariño,52835,San Andres De Tumaco,2009,7.209686296,4.133388339,107.3629945,7.099945385,3.872227902,15.67656766,110.0110011,10.72607261,58.69685257,99.54992968
8,Atlántico,8001,Barranquilla,2013,9.670788113,6.125302224,125.7273156,13.97621957,7.528091563,17.86146035,78.57833656,11.6356383,76.8042795,99.94741889
23,córdoba,23001,Montería,2008,11.18769883,5.211313345,155.9423526,125.2559952,6.9494803,34.06087154,120.8367948,,61.79452262,99.72174988
70,Sucre,70001,Sincelejo,2019.0,10.66344793,6.114366572,201.7523273,61.99250468,9.702234549,12.40219744,58.26535708,9.405693358,79.1909439,99.96612753
54,,54001,Cúcuta,2009.0,7.199843055,5.476631879,113.4688865,13.74504539,7.341038102,14.13106891,38.8928502,9.723212549,58.39984427,98.86536051
70,  Sucre  ,70001,Sincelejo,2013.0,,6.177528544,174.340841,90.18201875,6.689813171,8.790542589,80.83257553,,80.13539456,99.82418037
52,Nariño,52001,Pasto,2018,,7.331826087,79.68906985,106.9579623,8.348000123,17.73913043,57.97101449,11.24637681,62.91014493,99.69256237
5,Antioquia,5045,Apartadó,2014.0,5.946450809,5.836550436,101.2192558,42.05189383,2.797558494,9.9626401,,7.160647572,29.73225405,99.59055118
44,La Guajira,"44,430",Maicao,2005,-2.42,3.942688433,76.15941001,16.39904339,2.68243811,6.946856547,69.46856547,,29.42408377,99.57476967
5,Antioquia,5615,Rionegro,2015,,7.380733945,192.2621398,29.61099284,10.47825762,8.376545672,19.94415636,6.5815716,39.52931791,99.85658677
47,Magdalena,47189,Ciénaga,2014.0,7.205764612,5.127702162,143.4977578,80.26509573,5.025946569,13.61088871,80.06405124,10.00800641,52.12169736,99.55284553
76,valle del cauca,76001,Cali,2005,11.38807556,6.427051318,80.95916673,18.1315616,7.112319167,17.22668457,111.0565872,11.33810274,36.57023191,99.38304295
20,Cesar,"20,001",Valledupar,2009.0,11.09102859,5.702378054,132.1073559,18.71615164,5.292282363,21.42683224,73.04601899,13.47293239,75.89869281,98.46819847
44, LA GUAJIRA ,44650,San Juan Del Cesar,2016.0,9.570128648,5.74615626,481.0045074,16.05433776,12.55716816,,156.8873549,6.589268905,70.53655475,99.74301317
13,Bolívar,13001,Cartagena,2019.0,9.456410256,6.207006892,109.4838487,31.66090653,6.260928479,11.97899573,57.43354119,7.75352806,59.40269117,99.75759602
68,Santander,68001,Bucaramanga,2014,9.666197913,6.953479772,105.9699447,43.57360119,8.484200428,13.75637897,,9.762591524,54.45603136,99.88631196
52,Nariño,52001,Pasto,2006.0,11.23274631,5.798478183,,21.63545423,6.442575588,24.61062894,83.22434907,15.81262632,47.78465936,98.93783947
5,Antioquia,"50,45",Apartadó,2020,8.343804976,5.86830862,145.9976506,96.70828604,8.016032064,,276.4513697,5.780346821,38.32621262,99.64258361
13,Bolívar,13001,Cartagena,2006.0,7.886524823,5.450177179,94.98968259,12.68834259,4.179348567,13.89085755,,,58.54327173,99.71975261
18,Caquetá,18001,Florencia,2017.0,6.529093369,5.483592693,186.5759211,68.2427108,5.357242925,7.273342355,67.65899865,5.243572395,46.14343708,99.74248927
27,Chocó,27001,Quibdó,2019.0,10.21984551,4.300913487,107.57833,21.04155708,5.63664047,25.79258463,188.0709296,13.97098334,,90.13121925
52,Nariño,52835,San Andres De Tumaco,2018.0,5.518349853,4.589373227,93.12048651,12.48089659,3.686081282,,77.37941708,3.868970854,53.62393603,95.37133891
8,Atlántico,8001,Barranquilla,2014.0,9.903590809,6.298854224,131.4204467,16.40786896,7.80003677,18.26892551,69.26606828,11.89067506,,99.95878595
27,Chocó,27001,Quibdó,2006.0,,3.41536864,,22.33502538,6.393669914,40.49844237,242.2983731,24.22983731,21.45088511,98.29484902
5,Antioquia,5045,Apartadó,2013,5.265017668,5.740282686,95.56533877,33.13973352,2.477739063,3.886925795,,1.413427562,27.38515901,99.04085258
5,,"50,45",Apartadó,2006,8.775436047,5.202069717,189.4985691,127.7909739,3.221430994,12.16412491,108.9324619,,32.13442325,99.49832776
23,cordoba,23001,Montería,2005.0,10.48921352,4.834066678,,126.4044944,6.351986579,34.18514131,33.84667456,24.11575563,53.82135889,99.38185617
8,atlantico,8638,Sabanalarga,2007.0,11.08995716,5.059743954,,10.7879925,4.066547591,27.97534376,189.6633476,18.01801802,,99.80430528
23,Córdoba,23001,Montería,2017,11.48604023,5.883878715,184.3110371,132.5972606,9.259116474,23.59651756,96.06724707,,77.544281,99.78458887
54,Norte de Santander,54001,Cúcuta,2010,7.459802636,5.46867909,107.4402454,15.43565094,7.247982224,13.82108231,,,58.29259897,99.51595931
41,,41001,Neiva,2009,9.644277508,6.707483743,134.8554033,86.85587762,8.40838642,,55.10856387,16.42235203,45.00606997,99.49250028
52,Nariño,52356,Ipiales,2013,,6.522786458,117.9452518,83.25872874,3.933916248,,65.10416667,1.302083333,36.45833333,99.04605263
8,Atlántico,8758,Soledad,2019,8.055380743,5.805159396,40.25550135,16.29874149,2.349290433,14.8909396,20.97315436,10.06711409,70.4488255,99.74678202
52,Nariño,52001,Pasto,2011,12.52429543,6.001214772,106.2009979,143.4814275,7.638616091,21.98736638,194.3634597,13.8483965,57.4829932,99.31989613
27,Chocó,27001,Quibdó,2012.0,5.795314427,4.374601618,148.5529557,9.951456311,5.684386191,26.47707772,122.5790635,17.40622702,25.88869821,99.42871336
5,Antioquia,5045,Apartadó,2012,5.208038494,5.206906312,123.983293,50.52405267,2.590323729,3.962637985,,1.981318992,35.89017832,99.54115285
70,Sucre,70001,Sincelejo,2006,8.540242293,5.392418643,138.4716408,3.089720737,5.50208607,12.99320539,71.52223149,9.178686375,56.09726881,99.36662607
44,La Guajira,44430,Maicao,2014,7.992202729,5.122807018,110.5144149,7.736943907,2.338946373,18.37928154,167.0843776,11.69590643,52.74296853,98.83654938
47,Magdalena,47189,Ciénaga,2009,7.444359171,4.829184221,150.8935825,8.731966591,3.257455684,13.40482574,76.59900421,7.659900421,51.22982321,99.57048028
5,ANTIOQUIA,5001,Medellín,2010.0,13.05089565,6.565177077,86.43528375,55.32981338,7.031009595,13.85705087,59.2401803,9.581455248,38.12884075,99.73594571
13,Bolívar,13001,Cartagena,2009,8.711738984,5.57558018,116.0414301,17.70311345,4.607189186,14.80242526,71.08509304,8.90654401,62.46958127,99.68327341
5,  Antioquia  ,5615,Rionegro,2018.0,11.43825461,7.336793052,145.5289305,92.11538462,12.44918498,11.22643508,,5.719127304,,99.89161067
47,Magdalena,47189,Ciénaga,2020.0,6.617015182,4.368812589,173.0503796,15.49295775,6.096236901,6.008583691,171.6738197,4.577968526,42.20314735,98.49319038
44,La Guajira,44650,San Juan Del Cesar,2014.0,12.52559727,5.891163425,437.3820013,13.79542396,12.10279233,16.37666325,204.7082907,11.60013647,,99.61551905
5,Antioquia,5045,Apartadó,2005,6.695103858,4.922321098,196.8845761,59.45945946,3.363365191,16.68520578,55.61735261,12.42120875,31.81649331,99.39117199
76,VALLE DEL CAUCA,76109,Buenaventura,2010.0,7.906204607,4.910351967,68.41859742,14.08450704,2.483708416,12.62939959,144.9275362,7.453416149,29.11051213,96.6893039
52,Nariño,52835,San Andres De Tumaco,2007,6.912310768,3.973272676,,10.41080473,3.539347638,21.32499289,,13.07932897,52.3497579,99.56509133
5,Antioquia,5001,Medellín,2008.0,13.58142346,6.080940795,,58.1418189,6.810748816,16.1510833,,10.31166725,35.27350048,99.69213145
44,La Guajira,44650,San Juan Del Cesar,2006,7.716436637,4.333333333,194.3019943,8.106543138,3.774363813,13.42673672,,4.670169294,,95.08901166
52,Nariño,52835,San Andres De Tumaco,2013,4.267284155,5.107001321,,19.11240687,3.35742451,,99.07529723,7.265521797,63.70541612,99.32111337
8,atlantico,sin dato,Barranquilla,2017.0,9.078187861,6.451985307,,42.5389382,8.524991635,,78.71261151,11.10722407,67.65203195,99.94338836
11,"Bogotá, D.C.",11001,"Bogotá, D.C.",2019.0,14.5834776,6.533662407,41.13076482,78.30891403,5.104788426,,31.65433467,6.330866933,43.83729672,99.77248827
52,Nariño,52356,Ipiales,2011.0,7.402511566,5.709187046,115.2450091,39.06001905,4.54347568,,99.14077991,5.948446794,39.75545274,98.32214765
50,Meta,50001,Villavicencio,2015.0,6.215767635,5.548713693,104.8661577,124.2096083,6.466847345,10.04149378,74.68879668,4.481327801,37.42738589,99.7715736
5,ANTIOQUIA,5045,Apartadó,2018.0,8.447672854,6.348399247,90.55040442,129.1002812,3.696146985,8.878127522,80.7102502,5.380683347,32.58003766,99.72670128
27,chocó,"27,001",Quibdó,2015,9.086640056,4.616911936,153.1690141,29.47177511,6.464381087,26.8628825,,15.65054894,34.31510051,99.20920201
23,Córdoba,23001,Montería,2007,10.72973481,4.92549498,120.0123724,161.7242193,7.050321446,35.09430421,234.587595,23.55259454,57.622496,99.73004242
5,ANTIOQUIA,5045,Apartadó,2015,6.836342113,6.041136431,89.44599195,162.7849356,3.321047701,7.990529743,88.78366381,3.847292098,32.16928085,99.63888053
5, ANTIOQUIA ,5001,Medellín,2012,11.96221924,6.561702774,93.39731627,105.5979356,6.796040637,13.05932375,55.67928731,8.377201863,37.00693706,99.78259744
19,CAUCA,19001,Popayán,2010.0,,5.787976313,165.0469027,15.33781214,6.910197526,14.80432544,90.11328527,10.16992791,42.21506761,99.72361148
76,Valle del Cauca,76001,Cali,2014,10.11376249,6.956168336,66.91694325,109.268823,7.00250007,13.06627459,,8.461175687,40.83784159,99.75883788
11,"Bogotá, D.C.","11,001","Bogotá, D.C.",2017,13.59206373,6.701382962,45.94517299,73.45588735,4.562704329,10.81041397,34.87230313,7.194706751,43.40500509,99.74695171
5,Antioquia,5615,Rionegro,2010,11.45423919,6.83141977,135.9447005,14.08061844,6.779722466,8.961075329,56.00672081,,42.3206278,99.85561652
17,Caldas,17001,Manizales,2018.0,10.34196891,7.224362958,49.16339599,14.294466,8.497110982,13.67308888,20.71680133,7.043712451,31.46882121,99.70432946
76,valle del cauca,76109,Buenaventura,2014,6.327900288,5.812523937,69.85406674,90.56078022,2.767475909,11.29835312,95.74875527,9.000382995,29.64381463,95.03407984
13,Bolívar,sin dato,Cartagena,2011,9.186661422,6.057890598,114.0023656,16.58503051,4.100620586,12.01502971,83.01293254,7.427472912,62.61796575,99.73586426
13,Bolívar,"13,001",Cartagena,2007,9.033223277,5.433087515,92.68984106,12.87925066,4.007680017,14.59439946,103.1406323,8.715383425,61.68764184,99.64681075
44,la guajira,"44,430",Maicao,2013.0,7.296283669,5.051465576,89.41791261,7.442489851,2.099439489,20.10906612,306.7484663,,52.09682919,99.65325936
20,  Cesar  ,20001,Valledupar,2016.0,,6.072691148,141.8539946,16.83955274,6.297237376,19.25184982,75.36311318,13.83940806,,99.76240391
18,Caquetá,"18,001",Florencia,2020,6.048780488,4.986862442,152.3272214,51.31964809,9.045667617,5.602782071,57.95981453,3.670788253,47.4690881,98.36839001
23,Córdoba,23001,Montería,2015.0,11.87484752,5.970676096,189.5344249,102.6805252,9.814163122,,170.7004816,19.99634213,82.08864232,99.72565158
73,Tolima,73001,Ibagué,2005.0,7.868177137,5.337380127,81.57427073,108.2605531,6.464176018,18.87369925,81.61599674,10.91613956,31.01538462,98.87511718
17,  Caldas  ,17001,Manizales,2005.0,9.333333333,6.20773019,76.49793388,55.53206483,8.038568276,20.44470974,44.7694374,14.47545143,26.82198327,-6.03
20,Cesar,20001,Valledupar,2007,9.901897864,5.217293706,116.7646149,12.06422425,4.970402177,24.06393104,80.81170872,14.63589836,65.54164398,98.06785615
52,Nariño,52835,San Andres De Tumaco,2020.0,5.757832345,4.358171041,69.96322027,88.03088803,3.330065512,6.491673723,56.44933672,3.669206887,,97.06301682
54,Norte de Santander,54001,Cúcuta,2016.0,7.589447055,6.522351412,,100.4352628,7.655626314,13.36029465,,9.460532967,58.0486748,99.86023246
27,Chocó,27001,Quibdó,2010,10.81565581,4.795420755,121.4592911,26.3462652,5.387517027,29.43800178,208.1474874,14.86767767,33.69111509,98.72650091
41,Huila,41001,Neiva,2015,9.459459459,6.470406269,134.0440746,123.7010933,9.28045084,17.01381728,51.55702207,12.68302743,51.59826768,99.83095615
44,La Guajira,44001,Riohacha,2010.0,9.60182025,4.572301426,88.76994547,8.970621216,2.857933934,24.89250962,113.147771,13.12514143,46.58962157,99.11483811
76,Valle del Cauca,76001,Cali,2006,12.22753993,6.550292018,81.58403288,17.82072201,7.108622474,17.93640493,93.44581441,11.36924075,36.47728454,99.43948571
15,Boyacá,15001,Tunja,2018.0,16.22529644,7.142687747,,25.98652551,8.814331822,12.8458498,118.5770751,8.695652174,32.31225296,99.938788
52,NARIÑO,sin dato,San Andres De Tumaco,2016.0,5.479452055,4.777389277,93.28321298,12.08981002,3.216143471,8.158508159,116.5501166,,58.91608392,99.38162544
8,Atlántico,sin dato,Sabanalarga,2008,8.609556608,5.689862543,137.037037,7.672634271,3.714092486,16.75257732,128.8659794,10.30927835,141.2,100.0
44,La Guajira,sin dato,San Juan Del Cesar,2010,9.599614086,5.056304139,271.2671029,23.03714151,5.285742704,9.143407122,48.12319538,5.293551492,64.03678606,99.51171875
18,Caquetá,18001,Florencia,2013,7.240055827,5.611929946,202.6389057,9.617035892,5.819336067,10.40402289,121.380267,,52.60967574,98.7072782
19,CAUCA,19001,Popayán,2017.0,10.18455998,6.159653465,171.3190047,35.06676799,8.454503935,11.02610261,45.00450045,7.98829883,45.93834383,99.71214738
76,Valle del Cauca,76109,Buenaventura,2013.0,7.255166217,5.341627438,,27.8927871,2.850425483,14.12239408,224.1649854,,31.50224215,94.30727023
54,  Norte de Santander  ,54001,Cúcuta,2011,6.896792677,5.584834783,101.5184669,18.43632639,7.167087428,13.84347826,,9.460869565,62.4,99.39162422
41,Huila,41001,Neiva,2013,,6.675037519,142.9638854,126.0820145,7.624730648,16.10805403,80.04002001,10.8054027,50.27513757,99.75500204
20,Cesar,"20,001",Valledupar,2006,9.722486219,5.055560674,116.8865297,18.09463494,4.699449352,,101.3544642,16.40099512,57.22744361,97.9787336
8,ATLÁNTICO,8758,Soledad,2006.0,5.57369403,4.105605955,40.78465186,13.08539945,1.734215698,,116.3061177,6.280530356,,99.38505203
11,"  Bogotá, D.C.  ",11001,"Bogotá, D.C.",2018,14.01824941,6.679370444,41.20334789,75.52710978,4.574108913,10.63100468,,6.884565249,43.18640467,99.73238004
73,,73001,Ibagué,2019,8.441393338,6.614086294,58.1060102,36.55703631,8.056528138,9.644670051,76.14213198,5.583756345,41.7893401,99.68887737
17,Caldas,17001,Manizales,2006.0,11.30407815,6.289461503,78.16571131,51.93095377,7.76595243,23.14457645,92.57830582,18.05276963,,99.63381627
8,Atlántico,8758,Soledad,2017.0,7.813191678,5.549800797,39.49194892,36.67377399,1.990414582,10.40283311,44.26737494,7.082779991,,99.86631016
17,Caldas,17001,Manizales,2013.0,9.267734554,6.976739752,70.74695624,17.60629331,8.052557819,15.06196378,38.13155386,9.914204004,31.97330791,99.84344423
41,Huila,41001,Neiva,2020.0,8.699080158,6.060028898,97.70352035,85.96470164,11.91521591,14.71167739,78.81255747,9.720215421,54.17049783,99.77278802
66,Risaralda,66001,Pereira,2014.0,9.600269481,6.828805568,95.00422476,94.34729565,9.501589306,10.2155366,56.12932196,7.296811855,33.12752582,99.8388582
73,Tolima,73001,Ibagué,2013,8.515463918,6.511723571,84.95748057,53.53319058,6.760291485,11.00370218,20.56766763,6.787330317,46.65226782,99.63165649
73,Tolima,73001,Ibagué,2010,9.408210044,6.06314259,87.44320529,65.50854037,6.749891269,13.91629453,41.54117769,9.450617925,40.47149237,99.41333333
8,Atlántico,"87,58",Soledad,2008,,4.403777717,35.97449909,11.09907959,1.437861443,12.04489461,54.74952094,6.843690118,54.34782609,99.52619844
11,"Bogotá, D.C.",11001,"Bogotá, D.C.",2012.0,13.47391145,5.910204116,66.61831391,86.96765384,4.394199445,13.34149119,52.68614354,8.871666752,40.53417859,99.77722686
18,Caquetá,18001,Florencia,2010,6.452192667,5.040007176,,11.3515431,5.536718859,11.48188016,143.523502,6.817366344,42.28900486,99.76316269
18,  Caquetá  ,18001,Florencia,2008.0,6.428161469,4.900554599,184.9590856,20.41963282,5.908312475,24.67010901,38.24823102,14.53432779,44.41882805,99.68645895
20,Cesar,20001,Valledupar,2012,,6.127842841,140.2439024,11.94475551,4.774639835,18.73819418,120.8915754,,70.59312429,99.6368974
47,Magdalena,47001,Santa Marta,2008.0,9.487702926,5.775344059,,9.693828582,5.833768661,29.36615623,174.4524133,19.96510952,,99.50362355
8,Atlántico,8638,Sabanalarga,2015.0,6.395614436,6.17222476,132.8571429,11.73814898,5.694261936,11.87756967,,9.593421654,53.54042942,99.86111111
47,Magdalena,47189,Ciénaga,2018,5.814639906,5.118949233,,33.65658871,5.161302587,7.083825266,29.51593861,5.312868949,38.66587957,99.91055456
41,Huila,"41,001",Neiva,2014,8.140947752,6.58472433,141.8575064,123.4370843,8.213594631,19.22104198,40.46535154,13.05007587,50.27819929,99.79240191
76,Valle del Cauca,76109,Buenaventura,2017,8.139782655,5.114827439,58.94973437,34.95065789,2.275296438,13.20835109,85.2151683,8.947592671,33.36173839,96.37271937
13, BOLÍVAR ,13001,Cartagena,2012,,6.064353597,121.6719795,25.819067,4.532092238,15.36129772,65.54153695,9.995084385,62.95264624,99.87465006
68,  Santander  ,68001,Bucaramanga,2012,11.40742912,6.403354574,120.0447928,52.66444629,7.856578007,13.40364755,51.27078298,8.862521058,56.69816158,99.77430033
47,Magdalena,"47,189",Ciénaga,2007,5.544933078,4.562094001,140.3003497,11.33358519,3.896065852,,152.8467711,9.552923194,,99.61104629
44,La Guajira,44430,Maicao,2008.0,4.988513292,4.225859247,86.71559083,8.116883117,2.015546384,3.927986907,32.73322422,1.963993453,36.22047244,99.7002997
52,Nariño,52356,Ipiales,2020.0,11.2367749,6.661072601,107.8496776,103.6625245,8.468869781,,36.48303539,4.013133893,44.54578621,99.58970533
68,Santander,68001,Bucaramanga,2005,,5.586138069,101.9670815,15.71709234,7.31324788,15.2109574,48.17950306,11.35659715,47.24376731,99.20573557
52,Nariño,52835,San Andres De Tumaco,2015,5.684210526,5.27269994,96.44976365,12.47030879,3.536028929,,60.13229104,7.51653638,62.32711966,99.66545012
76,Valle del Cauca,76109,Buenaventura,2018,7.221057536,5.317959469,54.61843309,34.19572553,2.598768533,20.73142325,93.17493594,15.83973911,30.88749126,98.14161374
44,La Guajira,"44,001",Riohacha,2017,9.865175929,4.777193559,101.7186406,16.96010338,2.339240215,19.06013802,82.15576733,12.98061124,53.48340453,99.06119028
47,magdalena,47001,Santa Marta,2019.0,115.1,5.15555958,92.97149217,32.58584443,5.5061114,12.94820717,90.5469033,7.605939877,71.59543644,99.97223765
54,norte de santander,54001,Cúcuta,2019.0,,5.110590336,110.3364072,105.9563005,7.605476263,13.83774132,,7.755830822,51.24428077,99.65827543
68,santander,68001,Bucaramanga,2007,9.570691849,5.791333333,,18.00327332,8.324357593,,26.66666667,10.53333333,51.5707683,99.48721455
5,,"56,15",Rionegro,2009,10.36550543,7.34556314,125.7519891,17.87709497,7.096976633,12.51422071,28.44141069,9.101251422,40.43528064,99.91217799
15, BOYACÁ ,"15,001",Tunja,2016,,7.136827295,101.2801631,29.69283276,10.08211584,15.47660922,70.34822371,,39.14878649,99.7281131
41,HUILA,41001,Neiva,2018,8.827195467,6.554750311,119.1075437,108.1599677,9.639129859,,,12.6825954,49.0997622,99.73434973
47,magdalena,47189,Ciénaga,2010,9.046126288,4.288849082,131.6633267,11.94690265,3.143342227,15.22615316,89.56560681,10.30004478,52.12718316,99.86232217
8,Atlántico,8001,Barranquilla,2016,9.720527397,6.553958333,122.3601741,37.63533253,8.399694022,17.4702381,53.57142857,10.92261905,68.16071429,99.95134412
11,"Bogotá, D.C.",11001,"Bogotá, D.C.",2020.0,14.07184661,6.219969606,35.49997442,72.56097561,6.428627232,10.0128259,40.95666139,6.854851748,44.19115983,99.73004242
44,La Guajira,44430,Maicao,2017.0,7.777013076,4.596237669,,9.092975676,2.929964594,13.5352145,160.5872907,9.63523744,55.67790778,98.62886358
44,La Guajira,44430,Maicao,2010,7.737725295,4.33467617,105.9653427,8.602150538,2.339395562,16.42392315,123.954137,11.46575767,,99.71491923
44,la guajira,44001,Riohacha,2011.0,9.448499594,4.599756937,101.4176663,33.09831571,2.995223832,30.78792789,222.8073729,20.05266356,51.31685575,99.56701031
52,Nariño,52835,San Andres De Tumaco,2011.0,5.941194301,4.855454545,99.19948074,13.74775852,3.464367289,13.93939394,60.60606061,10.60606061,62.05641492,99.69240234
17,Caldas,17001,Manizales,2011,8.780200354,6.609693878,68.25187142,17.16489875,7.78806616,14.12872841,98.11616954,10.00784929,27.51177394,99.43661972
44,La Guajira,44001,Riohacha,2015,8.606921029,5.080212955,98.0023903,10.53555751,2.27752686,19.16592724,106.4773736,,55.22626442,99.63748414
54,  Norte de Santander  ,54001,Cúcuta,2017,7.601219599,6.35334562,78.74591023,137.1253823,7.901332935,11.2702013,70.88176921,7.088176921,57.50637936,99.88457654
5,Antioquia,5615,Rionegro,2011.0,12.33022636,6.723035952,147.8643938,12.36191478,7.08790426,8.255659121,26.63115846,6.924101198,44.1011984,99.97272231
50,meta,50001,Villavicencio,2011.0,7.802226703,5.366955608,118.449627,152.6819497,6.230825618,15.76044129,87.55800718,10.50696086,35.97197898,99.6239255
20,Cesar,20001,Valledupar,2011.0,9.560922911,5.989701022,,10.87121788,4.821684759,,92.22965183,10.1452617,71.09573241,99.31131632
44,,44430,Maicao,2011,7.106598985,4.507332205,117.8972957,10.87866109,1.762527023,4.51212634,112.8031585,3.102086858,42.6677947,99.91428571
17,,17001,Manizales,2007,11.07351584,6.322748888,,21.17117117,8.269829596,20.09510661,61.35910416,,28.98617512,99.61898714
66, RISARALDA ,66001,Pereira,2013,9.774518389,6.764757324,105.5492287,99.69491192,9.285180937,12.35242676,43.72540446,,32.72846524,99.57768393
17,  Caldas  ,17001,Manizales,2008.0,10.11111111,6.501029948,79.41028648,20.48735061,8.689737179,20.7574077,110.9174457,13.94390746,29.84293194,99.64046413
47, MAGDALENA ,47189,Ciénaga,2016.0,8.519269777,5.4,143.4969211,19.88071571,4.244052114,8.92494929,,,39.87829615,99.79313198
73,  Tolima  ,73001,Ibagué,2014,7.888454861,6.680970958,75.80553526,44.22578975,6.608793362,11.70351105,75.85609016,7.693974859,48.60208062,99.78966014
13, BOLÍVAR ,13001,Cartagena,2016,9.361630025,6.513427652,,37.42966648,5.051367244,12.49576415,38.12267028,8.217553372,63.92748221,99.86584733
52,  Nariño  ,52835,San Andres De Tumaco,2019.0,5.061559508,4.814875581,76.5088805,80.4626603,2.81879562,7.656549084,,3.55482636,,98.92532378
11,"Bogotá, D.C.",11001,"Bogotá, D.C.",2005.0,12.7114803,6.201547707,67.70144761,24.89343427,4.424193976,17.45286902,67.50638018,10.96567054,34.71766156,99.6044543
15,Boyacá,15001,Tunja,2020.0,,6.311215753,92.31590181,17.4553102,10.7105203,9.845890411,64.21232877,7.063356164,34.78167808,99.84468604
27,Chocó,27001,Quibdó,2020,8.905275099,4.1205074,114.2857143,22.22222222,6.810624881,17.44186047,132.1353066,9.778012685,,92.69085003
76,valle del cauca,76109,Buenaventura,2015,8.4164859,5.337597572,60.53639847,69.59854751,2.729110175,16.47875108,260.1908066,10.19080659,30.50737207,96.36563877
11,"Bogotá, D.C.",11001,"Bogotá, D.C.",2006,12.90771534,6.295125719,70.69135401,32.88151236,4.363291221,16.14246779,62.27304709,9.939425309,35.11915398,99.6712727
76, VALLE DEL CAUCA ,"76,001",Cali,2020,10.84790374,6.370390099,46.67783743,78.66628176,9.429037173,11.46796177,37.59987467,8.052639825,38.90020367,99.69511217
66,Risaralda,66001,Pereira,2011,10.62723432,6.609914493,102.6065994,98.19424109,8.906447494,12.33899773,54.11841108,7.901288018,31.76012124,99.70205253
13,Bolívar,"13,001",Cartagena,2015,8.643092105,6.494634708,105.602746,36.10208449,5.410504564,11.84064466,37.00201455,8.017103153,66.70640957,99.92431251
19,Cauca,19001,Popayán,2012,10.76599431,5.780801583,171.2702472,32.66722508,7.342605608,16.45225136,,11.25680356,43.32013855,99.59636731
20, CESAR ,20001,Valledupar,2015,10.27612723,6.214963707,134.5913075,13.4269779,6.239864082,16.4014517,,11.30653266,72.4734785,99.61409276
41,Huila,sin dato,Neiva,2011,8.512638396,6.292830346,135.095804,148.6870121,7.708014293,17.29887453,62.52605252,11.98416007,47.55055243,99.60796779
50,Meta,50001,Villavicencio,2009,7.780851254,5.260676945,118.7449412,116.555773,6.048085485,,88.60535176,12.13893319,32.90104814,98.98403483
47,,"47,189",Ciénaga,2005.0,,4.678816467,116.550594,11.86440678,4.186808123,18.43910806,42.88164666,6.432246998,45.36480687,99.9126256
52,Nariño,52356,Ipiales,2017.0,8.681084374,7.549497411,,124.7667289,4.92166013,2.741395065,60.91989034,2.132196162,33.14042035,99.75339088
47, MAGDALENA ,47189,Ciénaga,2008,8.406304729,4.768659974,,12.92546316,3.274024126,17.023134,130.9471846,9.60279354,50.02182453,99.50428121
66,risaralda,66001,Pereira,2017,10.15906188,6.822771588,85.11239128,68.84253756,10.3555504,11.95450325,58.03156917,6.963788301,33.50742804,99.73834443
47, MAGDALENA ,"47,001",Santa Marta,2006,7.523881078,5.6957408,87.07374307,5.972059294,4.660782774,24.56817938,75.09923828,16.30726317,51.63230241,99.5740498
13,Bolívar,13001,Cartagena,2018,9.098023064,6.285214168,98.95120839,41.5663364,5.927804705,13.50906096,37.0675453,8.649093904,58.75205931,99.84880302
52,NARIÑO,52001,Pasto,2009.0,13.23161283,6.219137274,111.8026228,59.5091337,7.199136695,,154.9094376,14.4184938,49.86889154,99.10063199
23,Córdoba,23001,Montería,2020,11.33942161,5.459033396,146.0508829,115.4669439,13.35948106,,138.2838968,15.90264814,,99.75987005
70, SUCRE ,70001,Sincelejo,2008.0,8.335114341,5.823435163,155.7239729,67.62274674,5.647242297,12.60414441,64.0888699,9.613330485,59.44123314,99.64946873
23,Córdoba,sin dato,Montería,2016,12.05996601,5.81051226,189.5482728,127.7924828,9.408758276,26.58412236,97.11094926,17.96552561,79.12721534,99.78202653
15,Boyacá,"15,001",Tunja,2006,,5.984941341,126.6301513,10.22530329,8.848209412,20.13657853,105.0604097,15.05865873,30.24886085,99.78471475
70,Sucre,sin dato,Sincelejo,2010,,5.903455285,143.325783,81.32780083,6.302316052,9.710930443,101.6260163,6.662149955,65.52348613,99.73465621
47,Magdalena,47001,Santa Marta,2011,10.44573643,5.714631783,99.47274268,15.54898407,5.606120565,22.6744186,96.89922481,12.98449612,77.18023256,99.9405057
52,Nariño,52001,Pasto,2008,13.91673546,6.216270308,107.334625,18.60196418,6.989039007,21.54461973,117.7301625,13.06804803,49.5931124,98.87409201
54,Norte de Santander,54001,Cúcuta,2013.0,7.445950307,6.101590106,84.89603266,17.59368836,7.216358963,11.40379056,32.12335368,8.03083842,63.37134597,99.25598888
47,Magdalena,47001,Santa Marta,2013.0,10.74698795,5.87783763,98.50135053,44.04597701,5.696426516,,125.0480954,,80.72335514,99.65557961
52,Nariño,52835,San Andres De Tumaco,2005,7.596041909,3.280607937,118.5023628,7.541899441,2.588227939,16.32423304,112.5809175,10.69518717,39.92673993,96.54576857
47,Magdalena,47001,Santa Marta,2017,10.58812112,5.917410714,79.39922556,46.45567277,5.386560831,14.26630435,67.93478261,10.19021739,81.50232919,99.86120749
44,La Guajira,44650,San Juan Del Cesar,2011,10.23890785,5.423454158,311.4061557,25.35328346,11.24606388,23.45415778,213.2196162,16.63113006,58.41880342,99.42832014
52,Nariño,52835,San Andres De Tumaco,2017,4.688304997,5.027806385,99.0281827,14.96322597,3.523459327,,,5.921730175,57.28630278,99.42648592
52,nariño,52001,Pasto,2020,14.34245366,6.490438364,66.8716372,91.66221272,11.68397484,17.94645484,132.39188,11.62106502,66.93145043,99.75914496
13,Bolívar,13001,Cartagena,2005.0,8.267618906,5.428302727,90.25387512,12.65760923,4.126387267,20.59100134,84.14591892,12.27540464,54.58469783,99.44812921
19,Cauca,19001,Popayán,2008.0,10.20661157,5.719650416,146.3475031,20.33444816,7.281071505,13.1093814,54.6224225,10.37826028,38.79773887,99.68935329
47,Magdalena,47189,Ciénaga,2017,7.426710098,5.36286645,172.8184744,14.44622793,4.337133488,7.817589577,195.4397394,5.863192182,,99.66887417
66,Risaralda,sin dato,Pereira,2018.0,9.672744838,6.772480386,78.46989483,50.86493298,10.73355768,12.91490646,48.28002414,9.173204587,34.62884731,99.76603867
52,Nariño,52001,Pasto,2010,12.96662546,6.123594117,106.2545011,113.4122288,7.354923645,19.52787047,123.5941169,11.86503522,53.73300371,99.31904161
47,Magdalena,47001,Santa Marta,2015,10.0165967,6.144544212,85.17042219,27.15533612,5.679270044,13.85906695,,9.27191099,79.57828973,99.80045894
17,Caldas,17001,Manizales,2012.0,,6.577075099,74.569049,16.83937824,7.866918599,14.6809712,75.28703181,9.599096556,29.39958592,99.69348659
70,Sucre,70001,Sincelejo,2009,10.26800129,6.045503442,155.4416404,78.69177403,6.371646372,11.40275387,96.81583477,8.820998279,60.65926963,99.79086406
27,Chocó,27001,Quibdó,2014.0,9.059157389,4.675961954,167.2738793,24.87352445,5.522996615,18.59057501,151.3186338,11.02464332,37.79220779,98.79356568
76,Valle del Cauca,76001,Cali,2008,11.67415176,6.751575835,82.36237415,18.73393234,6.888158773,18.9100153,64.84916085,12.24352157,37.68640208,99.65195675
50,Meta,50001,Villavicencio,2005.0,6.318359375,4.84571594,106.7348763,7.089480743,5.965903115,,67.54148977,,30.77370001,98.67471071
18,Caquetá,18001,Florencia,2009,6.819813352,4.931348074,204.4871795,10.06178288,6.046574793,14.44365193,,,44.8343778,99.47157434
47,  Magdalena  ,47001,Santa Marta,2018,11.44607605,5.495283478,81.14919355,37.17228464,5.744351716,15.65690946,87.52309637,10.50277156,76.56325975,99.94041708
15,Boyacá,15001,Tunja,2013.0,14.4294699,6.692003594,134.5236639,21.96836555,9.420233935,,89.84725966,7.008086253,41.63522013,99.72314507
20,Cesar,20001,Valledupar,2010,9.979917925,5.568868496,127.2549976,23.83165723,4.875521758,18.69967968,164.4879231,12.29330794,76.02745677,99.07866761
44,La Guajira,44001,Riohacha,2007,11.76069154,4.039052497,90.8155919,10.13941698,3.069681776,29.44942382,213.4016219,14.93811353,37.43578767,93.99122807
27,Chocó,27001,Quibdó,2013,7.677589094,4.540603248,163.8780297,17.99954432,5.152224824,20.18561485,92.80742459,14.38515081,32.41299304,96.33656346
13,Bolívar,13001,Cartagena,2008.0,8.527395595,5.562764251,,12.00364911,4.402622719,18.75880838,126.3546678,,64.42574306,99.81630424
13,Bolívar,13001,Cartagena,2013,8.40906182,6.500319789,111.320295,48.67561757,4.574902923,12.9620944,,7.632285848,67.17690701,99.89552499
52,Nariño,52356,Ipiales,2014,8.926813259,7.142763374,106.2367,167.9410158,3.998760532,4.594683295,,3.938299967,41.94289465,99.6329663
27,choco,27001,Quibdó,2005,9.136714814,3.447766097,99.31458945,23.73316228,6.022549132,41.39290407,197.109067,26.60972405,18.99109792,98.03921569
5,Antioquia,5615,Rionegro,2014,13.94202327,7.495957405,200.6669282,10.34348165,10.56957316,9.465588641,39.43995267,8.085190298,40.78091106,100.0
52,Nariño,"52,001",Pasto,2017.0,13.22617681,7.024684271,92.41854637,125.4141982,7.68897913,14.69575201,126.2916188,9.529276693,63.3869116,99.76523066
13,BOLÍVAR,13001,Cartagena,2020,9.575492341,5.934835886,97.54196093,21.83219178,8.190633943,12.16630197,70.02188184,7.964989059,62.1750547,99.8389622
15,BOYACÁ,15001,Tunja,2006,,5.984941341,126.6301513,10.22530329,8.848209412,20.13657853,105.0604097,15.05865873,30.24886085,99.78471475
44,La Guajira,44430,Maicao,2018,8.570946516,3.948743888,156.8926123,14.78405316,4.299858901,20.73849267,134.8845051,9.947732254,49.83982465,98.98920678
73,TOLIMA,73001,Ibagué,2009.0,9.998996085,6.144895719,90.42950901,81.73737744,6.268846367,13.07254765,89.81139607,7.683863886,39.08355795,99.19189853
68,santander,68001,Bucaramanga,2017,9.876189795,6.699248658,105.2178076,43.00486201,8.79475191,8.586762075,35.77817531,6.010733453,52.70840787,99.86767625
11,"Bogotá, D.C.",11001,"Bogotá, D.C.",2016,13.08394001,6.951847596,50.85781972,80.21394688,4.61328263,10.77070159,33.3295326,7.007972775,43.65905642,99.73776771
54, NORTE DE SANTANDER ,54001,Cúcuta,2005,,4.994721122,101.843814,14.57905544,6.887725145,17.50364659,76.40480656,10.34937834,49.25706313,96.84783377
52,  Nariño  ,52001,Pasto,2005,11.6447515,5.7963992,102.7367971,9.576224546,4.060958836,16.44809958,111.135808,11.55812403,46.65330215,98.70996945
15,Boyacá,sin dato,Tunja,2010.0,14.76950355,6.247340426,134.9047809,16.22187336,9.016168333,15.95744681,106.3829787,12.23404255,35.87515517,99.74628489
52,nariño,52835,San Andres De Tumaco,2014,4.803865833,5.452712298,106.2480826,15.93068753,3.152201168,11.36040897,28.40102244,8.236296507,58.96052258,99.4212963
5,antioquia,5615,Rionegro,2017.0,12.26750261,7.443469175,161.3094064,102.2514071,11.96274322,,20.89864159,6.896551724,37.65935214,99.9146029
76,Valle del Cauca,"76,109",Buenaventura,2007,7.012002527,5.100942408,69.86710062,9.130525005,3.780607877,13.40314136,167.539267,,,96.68520103
8,Atlántico,8638,Sabanalarga,2006,12.51916198,5.857870606,95.80698056,13.07189542,5.636080021,34.64085583,101.8848701,26.99949058,48.27763496,99.73572939
44,La Guajira,44430,Maicao,2016,125.64,4.932286024,104.7183761,14.67840939,2.918428057,18.14734561,135.4279523,13.00108342,54.46912243,97.90864062
8,Atlántico,8758,Soledad,2010,7.807888382,5.306516492,32.82788187,5.069370331,1.25830312,5.095199785,26.81684098,3.486189327,71.6317767,99.81009224
41,Huila,"41,001",Neiva,2007,10.26705566,6.327030656,131.8187492,38.61460686,8.907116379,32.4457373,179.0109644,22.82389796,41.46013233,99.42765568
19,Cauca,19001,Popayán,2015,,6.175166048,175.2058951,44.22207876,8.146573467,12.60835303,45.02983226,9.005966453,46.84228301,99.8275069
54,norte de santander,54001,Cúcuta,2020,8.55624343,4.845817035,100.8818005,91.01040119,9.863519262,9.924689124,,,54.0311752,106.77
17,caldas,17001,Manizales,2020,11.94299932,6.749491296,39.7927196,10.73585328,9.312802582,13.56545331,90.43635541,9.721908207,33.28057879,99.67689822
5,Antioquia,5001,Medellín,2017,11.5430552,7.502271556,82.92582301,77.23225862,7.766941524,10.98309213,37.46897101,6.60390614,-14.27,99.75771823
5,antioquia,"56,15",Rionegro,2008,9.280089989,7.108725955,133.4913112,23.41410291,8.25156949,16.72706997,27.87844996,11.15137998,39.23270792,99.85750926
5,Antioquia,5045,Apartadó,2017.0,7.900492072,6.280207764,93.47195841,170.8975521,3.734319292,9.841443412,27.33734281,,35.12848551,99.60882928
18,Caquetá,18001,Florencia,2015,6.522846951,5.553386522,197.81913,61.94267516,5.662435311,6.450517739,101.8502801,4.24376167,53.30164658,99.56822107
15,Boyacá,15001,Tunja,2019.0,16.40689089,6.830393765,93.9059627,18.51851852,9.634413968,10.04922067,61.52584085,6.357670221,31.29614438,99.85272459
66,Risaralda,66001,Pereira,2020,,6.345142857,85.07629765,30.04101541,12.34102053,12.0,80.0,9.828571429,36.17142857,99.7079098
52,Nariño,"52,356",Ipiales,2006,7.200247219,5.67489966,125.5942948,26.74278846,4.849591095,,61.74745292,8.953380673,34.43688119,98.70947435
23,Córdoba,23001,Montería,2018.0,11.8509687,5.869985097,181.7695413,113.043938,9.783038676,22.65275708,77.49627422,15.97615499,77.40685544,99.82333232
8,Atlántico,8758,Soledad,2020,7.552258935,5.606428411,36.628405,11.33333333,3.18335812,11.46325017,44.95392223,5.84400989,76.62396044,99.84090909
8,ATLÁNTICO,8001,Barranquilla,2008,9.032583836,5.570755695,111.0198625,6.591919014,6.559687089,19.13677163,,11.49391237,65.42904044,99.85163654
41,Huila,41001,Neiva,2005.0,7.789554335,6.115530783,106.6898461,32.36087276,7.863948937,30.90955156,50.671396,19.25513048,40.03814367,98.73993245
54,norte de santander,54001,Cúcuta,2007,6.581316263,5.024237277,109.7972973,15.18368397,7.231144931,17.90030705,58.79662899,10.45273404,54.1878089,98.26539462
50,Meta,sin dato,Villavicencio,2020.0,6.828900208,5.368619326,77.11431542,71.93427148,7.44908326,11.86664155,56.50781691,7.251836504,34.55453004,99.43513643
54,Norte de Santander,sin dato,Cúcuta,2015.0,6.931868784,6.537201719,77.6905514,30.25512037,7.378336674,11.2642656,44.46420631,8.077664147,62.642656,99.74355106
19,Cauca,19001,Popayán,2007.0,10.60070671,5.556324111,133.7388483,17.74819745,6.893822075,18.21005082,70.58159232,12.56352343,39.12059946,99.58140878
5,Antioquia,5615,Rionegro,2014,13.94202327,7.495957405,200.6669282,10.34348165,10.56957316,9.465588641,39.43995267,8.085190298,40.78091106,100.0
73,Tolima,73001,Ibagué,2012,9.100518931,6.256641412,97.98153142,78.64274985,6.750181872,13.13896615,105.4953486,7.960103577,45.20955212,99.67526078
70,Sucre,70001,Sincelejo,2014.0,10.70806998,6.439652015,175.1611913,87.18548859,6.905573468,13.46153846,,8.058608059,81.92307692,99.92524063
20,Cesar,20001,Valledupar,2019.0,9.948000495,5.790757697,142.2410112,12.97992358,7.10162843,16.10028882,92.17722608,,60.36993793,99.10057236
44,la guajira,44430,Maicao,2015.0,8.391608392,4.745052386,104.2556122,9.2272203,2.540527462,16.88009313,203.7252619,13.67869616,57.10128056,98.43102427
52,Nariño,52001,Pasto,2011,12.52429543,6.001214772,106.2009979,143.4814275,7.638616091,21.98736638,194.3634597,13.8483965,57.4829932,99.31989613
41,Huila,"41,001",Neiva,2019,9.294277592,6.683430125,108.2218752,100.5779062,9.486247019,17.42246386,37.06907204,,52.36624243,99.84856133
76,Valle del Cauca,76001,Cali,2015.0,9.859234873,6.94762229,59.39425991,106.4121092,7.403934728,13.02349336,59.58461015,8.143230053,41.64396777,99.7323247
5,Antioquia,5001,Medellín,2009,13.64946671,6.306752288,94.00595484,49.1877976,7.150452071,14.49657354,74.27996358,9.201130972,37.22460035,99.72725262
44,La Guajira,44001,Riohacha,2005,9.248554913,4.465852443,86.22366288,15.4601227,3.341553197,38.38484546,,26.42073779,31.70366675,98.42239186
76,Valle del Cauca,76001,Cali,2009,11.69933427,6.730968101,77.18358269,18.37632421,7.03782459,16.36040623,63.63853313,,37.27277559,99.71161956
11,"Bogotá, D.C.",11001,"Bogotá, D.C.",2009,-2.7,6.491120062,71.59991804,59.62105825,4.243486243,13.75542926,66.21524685,8.875996185,38.0839604,99.72940542
27,Chocó,27001,Quibdó,2007,9.615384615,3.922773579,96.14581884,18.07034527,5.459716975,34.50542228,230.0361485,21.36049951,24.51271886,98.08596373
70,sucre,70001,Sincelejo,2017.0,10.43411383,6.406169885,186.0198625,59.85378003,8.714311976,12.73286618,,9.400102547,81.10579388,99.95628224
23,Córdoba,23001,Montería,2010,12.45732434,5.379302141,147.4606475,130.2848472,7.693960571,,253.7668517,,66.44188814,-2.66
70,Sucre,70001,Sincelejo,2012.0,10.00404613,5.989092011,167.5533966,72.76643566,6.797434187,9.291990708,,6.463993536,73.75012625,99.79392066
18,Caquetá,18001,Florencia,2016,6.080843585,5.368698402,186.1971499,89.26571749,5.683923675,6.85051818,52.69629369,4.215703496,49.95608642,99.42826514
11,"BOGOTÁ, D.C.","11,001","Bogotá, D.C.",2007,13.028318,6.376945723,75.25998816,48.88293119,4.36227027,,51.6771587,10.10836544,35.89011352,99.65795026
44,LA GUAJIRA,44650,San Juan Del Cesar,2009,8.710801394,5.204294835,222.8739003,17.11351968,4.248722512,8.125362739,58.03830528,6.384213581,60.43249562,99.34601665
23,Córdoba,23001,Montería,2012.0,13.00495868,5.200105736,178.9665175,151.5083548,8.813400348,26.96272799,145.3872588,18.04123711,69.81032318,99.72796518
8,Atlántico,"80,01",Barranquilla,2018,,6.12670571,126.5799708,41.24203375,8.872484507,17.95021962,61.49341142,11.03953148,65.98535871,99.92228831
5,Antioquia,5615,Rionegro,2020,12.02689721,6.852257445,144.3668993,76.96400071,13.94454352,11.71950048,115.2737752,7.877041306,36.34966378,99.96077662
5,Antioquia,5615,Rionegro,2005,7.241746539,5.807334573,133.5268505,43.22400203,6.556365843,5.580653734,53.14908318,2.657454159,38.8326226,99.80973091
44,La Guajira,44001,Riohacha,2016,9.27106669,4.871900826,99.91843393,13.58695652,2.284974248,23.24380165,206.6115702,,,99.2286115
47, MAGDALENA ,47189,Ciénaga,2012.0,8.634288086,4.485690585,140.3745897,32.50401284,3.920962664,16.17586064,82.95313148,12.02820406,53.29738698,100.0
20,Cesar,20001,Valledupar,2013,10.25585586,6.472292101,146.4909451,14.729835,5.11954058,17.25005391,107.8128369,12.21878818,,99.49253512
76,valle del cauca,76001,Cali,2007,11.33213251,6.645396726,81.39665203,17.26522875,7.023565815,17.30789282,75.59170055,11.33875508,37.84270719,99.63117383
5,Antioquia,5045,Apartadó,2016,7.963742311,6.097118809,81.40479091,194.734098,3.641490126,11.00679832,161.8646811,6.474587245,32.85853027,99.56996361
66,Risaralda,66001,Pereira,2010,10.57681823,6.544513458,103.8346614,40.96561814,9.464467771,,98.07126512,7.736733137,30.64428213,99.75432719
27,choco,27001,Quibdó,2011.0,9.27731933,4.946322068,127.8172742,9.842519685,5.331381978,18.88667992,422.4652087,13.4194831,,99.56907478
44,la guajira,"44,001",Riohacha,2009,10.54730778,4.81893794,96.54399021,12.63423879,2.849785408,31.13670292,277.2446151,18.76732779,43.41118492,96.31012519
52,Nariño,52356,Ipiales,2015.0,8.736910995,7.941099476,,172.9364005,4.203953014,6.217277487,32.72251309,5.235602094,43.03010471,99.80230643
44,La Guajira,44650,San Juan Del Cesar,2005.0,,3.838946724,162.6157407,12.69649335,5.081119629,18.37109614,61.23698714,10.41028781,47.375,93.84615385
18,Caquetá,18001,Florencia,2007.0,,4.489525692,177.3068316,12.87553648,4.909753104,14.42687747,98.81422925,8.893280632,39.44753577,99.39442874
52,Nariño,52835,San Andres De Tumaco,2012,5.583126551,4.862229102,98.11200679,12.53439315,3.506446302,11.76470588,61.91950464,9.287925697,,99.46540881
73,,73001,Ibagué,2019.0,8.441393338,6.614086294,58.1060102,36.55703631,8.056528138,9.644670051,76.14213198,5.583756345,41.7893401,99.68887737
15,Boyacá,15001,Tunja,2015.0,14.8032588,6.83775351,114.29562,22.53473399,9.815267013,14.21390189,69.33610678,10.40041602,42.74570983,99.78475336
8,Atlántico,8001,Barranquilla,2019,9.598785642,5.836497828,118.3086615,20.46408582,8.908689552,20.05832986,80.35235998,12.55877626,66.89482769,99.91185946
15,Boyacá,15001,Tunja,2012.0,15.3778713,6.028756795,142.2789933,23.7932215,9.866776048,14.02770472,105.2077854,10.69612485,37.10327898,99.85616685
15,Boyacá,15001,Tunja,2005.0,12.58629846,5.761560184,127.2773929,13.7510879,9.528383939,22.06141899,88.24567596,15.53123897,31.24004953,99.52787362
52,Nariño,52356,Ipiales,2006.0,7.200247219,5.67489966,125.5942948,26.74278846,4.849591095,,61.74745292,8.953380673,34.43688119,98.70947435
5,Antioquia,5001,Medellín,2013,11.74833389,7.304138054,,111.3404868,6.672665033,12.15122661,45.95001659,8.143364052,36.60479485,99.81459721
47,,47189,Ciénaga,2011,7.820738137,4.736818981,123.2768807,12.15277778,3.639566737,12.74165202,43.93673111,7.908611599,52.72407733,99.91059455
76,  Valle del Cauca  ,"76,109",Buenaventura,2011,8.013052937,4.978835022,74.51947785,11.09123435,2.619853569,9.044862518,108.5383502,6.512301013,35.02170767,96.96127478
8,ATLÁNTICO,8638,Sabanalarga,2005.0,9.195955705,5.565593465,110.7714017,5.733397038,4.513812729,31.23498318,144.1614608,,112.68,99.80392157
44,La Guajira,44650,San Juan Del Cesar,2017,9.95658466,5.674963821,493.867011,13.13910311,12.6463456,14.47178003,173.6613603,11.86685962,,99.94114185
5,antioquia,5001,Medellín,2019,11.40934523,7.366119805,59.732869,56.33769322,7.698672663,9.878783297,35.28136892,,30.96444142,99.76289271
17,Caldas,sin dato,Manizales,2017,11.32924335,7.42208589,47.51811842,14.31163072,8.484818093,12.67893661,,8.99795501,33.49693252,99.85431842
5,Antioquia,5615,Rionegro,2013,14.14677277,7.247568523,188.7745193,7.894736842,9.347401732,11.49425287,44.2086649,7.736516357,,99.93229519
52,Nariño,52356,Ipiales,2016,9.447813597,7.719298246,106.4460746,159.5174263,4.892043732,5.741626794,31.89792663,3.827751196,,99.51597289
76,  Valle del Cauca  ,76109,Buenaventura,2005,5.696063338,4.853442694,65.97891396,8.559811684,3.549777493,17.05158645,107.9214332,10.14461472,19.79144036,94.26373626
68,santander,68001,Bucaramanga,2009.0,12.13967659,6.083216565,103.2786885,17.36403274,7.765786927,15.56904873,54.49167056,10.74264362,56.24853641,99.71932638
23,Córdoba,23001,Montería,2013.0,12.25365854,5.62249805,,144.778525,9.050840102,27.48895243,149.4671172,17.54613985,73.40612205,99.62679107
54,Norte de Santander,54001,Cúcuta,2014,7.09717192,6.237286834,80.53965658,28.07227117,7.489909363,10.44707328,53.77170072,7.143954525,64.11891228,99.58506224
44,  La Guajira  ,44430,Maicao,2012.0,7.350735074,4.890554723,105.7649337,10.97271649,2.041407561,,119.94003,11.994003,45.72713643,99.84802432
73,Tolima,"73,001",Ibagué,2011,,6.024678973,,57.66685574,6.507274163,13.54333868,40.12841091,8.326645265,44.74661315,99.55929077
5,Antioquia,5615,Rionegro,2018,11.43825461,7.336793052,145.5289305,92.11538462,12.44918498,11.22643508,,5.719127304,,99.89161067
50,Meta,50001,Villavicencio,2006.0,6.863055644,4.916080244,99.99512457,7.712350182,6.170847166,22.89675454,84.02478731,14.28421384,,99.20241431
27, CHOCÓ ,27001,Quibdó,2017.0,8.945362135,4.639529058,133.6038961,23.9608802,5.859139396,20.54108216,,14.52905812,36.74547284,98.76511448
20,Cesar,20001,Valledupar,2020.0,9.742257469,5.288579198,123.947203,10.22742565,8.233325077,15.15975527,197.1447995,,,99.1799861
23,Córdoba,23001,Montería,2009.0,11.91969887,5.201983136,153.3383346,106.5848214,7.450659526,39.5846346,93.69144285,26.4678326,,99.75271219
44,La Guajira,44650,San Juan Del Cesar,2012.0,12.30116649,4.994699647,387.7675841,15.99443672,8.92360725,20.14134276,106.0070671,14.48763251,66.1130742,99.59765911
76,Valle del Cauca,76001,Cali,2018,10.4391278,6.824258025,47.61855829,81.70643529,7.327211648,12.8407026,21.19927317,8.358570563,38.27377347,99.70190039
41,Huila,41001,Neiva,2016.0,9.097656664,6.331743003,132.4981772,129.166282,9.438240133,19.72010178,42.40882103,12.72264631,51.53731976,99.77166467
76,Valle del Cauca,76109,Buenaventura,2007,7.012002527,5.100942408,69.86710062,9.130525005,3.780607877,13.40314136,167.539267,,,96.68520103
76,Valle del Cauca,76001,Cali,2019,10.62272194,6.835840257,48.41993948,78.49722499,8.050891126,11.45875158,30.88612286,8.092164191,-11.7,99.66812061
44,la guajira,44650,San Juan Del Cesar,2020.0,,4.577114428,,16.48210147,10.52758955,14.13982718,78.55459544,11.52134067,59.78004713,98.28003225
50,Meta,50001,Villavicencio,2019.0,6.858697692,5.684363568,74.46808511,86.93045564,6.263640818,14.82037332,75.03986493,7.410186662,32.4453616,99.72272684
44,,44001,Riohacha,2018.0,10.63892145,4.23000293,111.2835292,18.12428078,2.697117847,20.07031937,87.89920891,,46.48403164,99.19354839
20,Cesar,"20,001",Valledupar,2014.0,9.577464789,6.28094814,149.3877551,12.18109224,5.721892557,,,12.53682263,70.38432555,99.35659836
18,CAQUETÁ,18001,Florencia,2006.0,6.622797707,4.676196527,161.6486016,13.57844161,5.052401598,12.91825498,21.17746717,7.412113511,37.69165247,99.45699392
5,antioquia,5615,Rionegro,2016.0,13.99209486,7.323913043,199.722882,89.92805755,11.29827949,,59.28853755,,39.07114625,99.87873888
23,Córdoba,23001,Montería,2014,12.33589299,5.778437191,188.4493983,130.2758213,9.624094724,27.5098912,142.1859545,,77.55379669,99.53650794
54,Norte de Santander,54001,Cúcuta,2006,6.295664049,4.824146982,109.5625108,15.37666365,7.179596002,15.6824147,,,50.17223105,137.72
19,Cauca,19001,Popayán,2019,10.31525851,6.150491555,125.0304457,17.09613479,8.074759854,8.94882783,25.20796572,6.680110915,47.74388707,99.7158357
47,MAGDALENA,47001,Santa Marta,2010.0,10.28828636,5.923167595,89.77096273,7.761828814,5.699131401,,,16.07372482,,99.86843548
44,la guajira,44001,Riohacha,2008.0,12.72054019,4.153461385,96.31525077,13.22803554,2.680620959,27.01080432,140.0560224,15.40616246,41.46047073,92.26932668
11,"Bogotá, D.C.",11001,"Bogotá, D.C.",2014,12.70524145,6.888799342,60.30785629,84.46470734,4.455148585,11.53745005,40.72041195,7.499342535,42.10914767,99.76459999
8, ATLÁNTICO ,8001,Barranquilla,2010.0,9.152507036,6.033543777,,7.915204075,6.258365559,17.65644512,111.0031913,,71.67768883,99.90787982
52,Nariño,sin dato,San Andres De Tumaco,2010,6.519174041,4.710324484,106.3009473,11.66180758,3.636769923,12.09439528,117.9941003,7.96460177,55.99881797,99.54900782
5,Antioquia,5001,Medellín,2006,13.41728384,5.593182824,94.53287765,83.21763462,6.616784346,17.24097761,88.53474989,11.5328161,32.72966743,99.58841828
73,Tolima,73001,Ibagué,2018.0,7.939508507,6.531806916,60.71590394,35.84433318,7.029241081,9.913843975,35.40658562,,40.22188127,99.62744862
52, NARIÑO ,52001,Pasto,2012,13.21987915,5.909853249,101.9548547,158.5555671,7.275227602,18.74460476,61.65988408,10.72881983,57.44234801,99.58537505
8,Atlántico,8001,Barranquilla,2006,9.356231231,5.487168307,96.90698501,13.03332104,6.73801923,25.88140027,,16.16419584,58.25901937,99.54798663
66,Risaralda,66001,Pereira,2008,,6.349635898,114.0803173,53.02394931,9.353882658,13.97362724,98.40582562,,29.97342258,99.62832747
8,Atlántico,8758,Soledad,2005,4.904926534,3.887594391,45.26315789,11.72707889,1.86090645,7.1197411,107.8748652,2.157497303,34.12732785,99.65111208
20,Cesar,20001,Valledupar,2018.0,9.111495937,5.936578947,136.9161313,13.05110058,6.8675691,15.46052632,59.21052632,8.947368421,64.05921053,98.65210945
5,Antioquia,"56,15",Rionegro,2007,8.132112129,6.784449364,127.6767677,42.90254237,7.716389189,8.577753182,27.67017156,4.98063088,36.73130194,99.88745076
66,Risaralda,66001,Pereira,2019,10.50420168,6.674133707,81.20716466,35.66606661,10.78309759,8.517092521,35.00175009,5.716952514,35.07175359,99.78607083
44,La Guajira,44001,Riohacha,2012,8.882466281,4.878297708,,20.92760181,2.477844017,,115.5401502,13.86481802,51.76198729,99.66614297
66, RISARALDA ,66001,Pereira,2016,9.659350709,6.754085247,87.5924495,82.99276957,10.63347458,11.99862873,,7.427722546,31.82493429,99.81334578
70,Sucre,70001,Sincelejo,2011,9.446286805,5.791800643,164.0576565,58.11092182,5.788238914,,100.4823151,5.827974277,68.87057878,99.89777142
76,Valle del Cauca,76109,Buenaventura,2019.0,9.2623144,5.151800424,68.20689208,47.30941704,4.05875033,19.534008,188.2795952,15.7684161,30.90138856,97.72509579
52,  Nariño  ,52001,Pasto,2019,,7.354196119,86.53651287,106.7615658,9.759438622,18.12106413,115.6663668,11.18108212,63.26950263,99.72361148
8,Atlántico,8758,Soledad,2016.0,6.842596917,5.848668846,39.79238754,27.70208901,1.56758407,8.407286315,116.7678655,4.670714619,,99.88168481
50,Meta,50001,Villavicencio,2008,6.873184898,5.328583916,,58.74609182,6.443666,18.18181818,43.70629371,10.75174825,32.19789842,99.15087594
44,La Guajira,44650,San Juan Del Cesar,2015.0,10.40569836,6.033446888,454.2546385,14.04580153,11.9752458,10.21988232,92.90802106,4.645401053,73.49024466,99.77827051
8, ATLÁNTICO ,8001,Barranquilla,2009,9.237918216,5.861038118,110.9165095,7.212571358,6.499681463,19.97094012,89.65282716,12.02584475,68.31482406,99.76961434
50,Meta,50001,Villavicencio,2014,6.670548116,5.487981369,115.004409,137.2703789,6.237256367,13.39100058,,8.483739499,38.79231473,99.68675923
44,La Guajira,"44,001",Riohacha,2013,9.974119052,4.928926936,98.70805837,13.744355,2.274321335,22.0983476,79.63368505,,57.53533745,99.7366822
41,HUILA,41001,Neiva,2006,10.82973509,6.083478463,125.5309706,16.89304874,8.730176139,,278.6485545,24.14954139,40.40321641,99.23773225
5,antioquia,5001,Medellín,2018,11.79258157,7.437861308,75.11205241,57.03857942,7.473304966,9.626597196,44.65947153,6.153082744,31.43034363,99.7808303
47,Magdalena,47001,Santa Marta,2016,9.959879639,6.173520562,82.81367915,21.39772281,5.436032022,14.44332999,140.4212638,8.826479438,78.63590772,99.81625153
8,atlántico,8758,Soledad,2013,8.155726059,5.193805058,32.92764877,21.95664258,1.322982837,11.36686559,56.83432793,8.52514919,79.82381358,99.91339492
52,,52835,San Andres De Tumaco,2008,6.578552118,4.521921922,100.0914077,11.57613535,3.578914182,19.21921922,90.09009009,12.91291291,50.58611362,99.44903581
44,La Guajira,44430,Maicao,2006,3.883823033,4.586032389,82.52009185,11.67055685,2.400207077,8.434547908,236.1673414,4.048582996,31.52909337,99.86230637
18,Caquetá,18001,Florencia,2011.0,7.113682777,5.256997455,210.8673978,7.909794682,5.448572088,11.53519932,33.92705683,7.294317218,45.83616587,99.47952811
47,Magdalena,47189,Ciénaga,2013.0,9.418509419,5.054873055,149.1095112,87.44394619,4.798057654,12.28501229,81.9000819,9.009009009,54.995905,99.20568562
70,Sucre,70001,Sincelejo,2020.0,,5.6923481,176.753943,90.89461955,11.219557,9.367886535,,7.704430047,78.48012607,99.78488841
15, BOYACÁ ,15001,Tunja,2011,15.48364649,6.064532962,142.3362417,33.78151261,9.469469125,14.43729344,69.57731779,,37.88484954,99.53463397
47,Magdalena,"47,001",Santa Marta,2007,8.328973527,5.680853289,88.95567243,8.29617339,5.614249868,29.2795148,167.3115131,,59.50387272,99.56247999
8,  Atlántico  ,8758,Soledad,2009.0,6.75012273,5.243137255,36.6422115,13.53965184,1.45820205,7.843137255,49.01960784,5.147058824,,99.67669734
47,magdalena,47001,Santa Marta,2020.0,10.50205431,5.013728831,79.62667115,28.61870924,7.355944539,13.42819922,140.2946187,7.716204028,68.52390019,99.71145919
41,Huila,41001,Neiva,2008.0,9.245483528,6.569113441,135.1517764,97.41873805,8.270947374,24.99735198,105.9209829,17.58288317,44.17666419,99.42246922
8, ATLÁNTICO ,8001,Barranquilla,2011.0,9.565404167,5.982722232,94.50352538,8.089983323,5.671598528,18.63709533,64.38919692,11.94777321,75.98123478,99.95238618
52,nariño,52001,Pasto,2016.0,13.44400281,6.898760814,87.85221317,145.5399061,7.747935044,15.08066402,175.3565583,9.936871639,,99.72497907
8,Atlántico,8001,Barranquilla,2007,9.208628678,5.618798556,105.7768698,10.47215496,6.538218437,23.36820212,79.52529516,13.67223344,,99.76255194
76,valle del cauca,76001,Cali,2017,10.1195819,6.815333835,,77.78163467,7.302135354,13.60819966,28.95361631,9.265157218,,99.69836764
18,Caquetá,18001,Florencia,2019.0,5.484492728,5.525394046,187.0033325,48.33333333,6.142980956,4.903677758,17.51313485,3.677758319,49.40455342,99.82161969
68,Santander,"68,001",Bucaramanga,2018,,6.700682226,97.36288468,48.51383669,9.409583625,10.70017953,28.72531418,7.396768402,51.23159785,99.85222403
19,Cauca,19001,Popayán,2018,10.40236686,6.164182635,,27.605245,8.646575612,12.77501774,59.14360066,8.04352969,46.30943932,99.39555126
44,La Guajira,44001,Riohacha,2007.0,11.76069154,4.039052497,90.8155919,10.13941698,3.069681776,29.44942382,213.4016219,14.93811353,37.43578767,93.99122807
70,Sucre,70001,Sincelejo,2020.0,,5.6923481,176.753943,90.89461955,11.219557,9.367886535,,7.704430047,78.48012607,99.78488841
19,Cauca,"19,001",Popayán,2016,10.26581118,6.066903425,167.5291641,44.75815277,8.555492869,11.11238401,91.6485279,7.561003551,47.34792072,99.695586
73,Tolima,73001,Ibagué,2016.0,7.279344859,6.629617002,69.41114317,51.32075472,6.617693113,10.00113649,45.45971133,5.568814638,41.59563587,99.79130435
18,Caquetá,18001,Florencia,2014.0,6.447211325,5.493204213,201.3398732,37.60627861,5.781405017,7.305470608,118.9262657,4.926945294,52.15766225,99.27360775
8,Atlántico,8001,Barranquilla,2015,9.361236736,6.531256466,,13.32750073,8.344036603,18.17751899,79.80374191,11.32030857,70.62926728,99.96369028
73,Tolima,73001,Ibagué,2015,6.921991971,6.617710817,71.19386637,58.95552836,6.715155982,9.538261435,65.03360069,5.853024062,45.62107089,99.84511561
8,Atlántico,"80,01",Barranquilla,2005,8.401511418,5.409318293,90.31769207,52.92004707,6.417804479,25.53539317,,15.79205493,52.87952955,99.21491331
50,Meta,50001,Villavicencio,2013,6.504485852,5.339998276,116.8910077,143.0576071,6.693715033,12.92769111,51.71076446,7.411876239,38.36076877,99.71868132
27,Chocó,27001,Quibdó,2016,,4.789140749,129.5788285,23.17198764,6.367173682,25.8302583,316.2888772,13.96942541,34.60116218,99.02991108
41,huila,41001,Neiva,2017,9.361836563,6.507421834,133.3019312,116.5364583,9.114937277,16.21223287,21.05484788,11.05379514,,99.75172712
5,  Antioquia  ,5045,Apartadó,2010,6.109494843,5.578529878,128.1638288,49.50992712,3.182906228,5.288207298,52.88207298,2.379693284,33.76554644,99.35691318
47,magdalena,47001,Santa Marta,2014.0,9.994234096,6.018819011,91.80162793,29.89940387,5.850310148,17.18674988,67.21075372,10.84973596,79.67714039,99.74494801
70,Sucre,70001,Sincelejo,2016,9.827099506,6.432251235,186.6288865,57.0620529,7.676566403,8.909668313,52.92872265,6.086803105,,99.93706734
18,Caquetá,18001,Florencia,2005,6.262359921,4.206352683,159.0971272,12.97297297,5.331408103,21.24863089,87.62322015,13.14348302,,99.17133259
44,la guajira,44430,Maicao,2009,5.396541443,4.571810883,109.8212922,7.96460177,2.180552647,11.59678858,118.9414213,9.217960155,42.01730827,99.4240679
68, SANTANDER ,68001,Bucaramanga,2016,10.04740786,6.775212172,100.680911,42.60303052,9.252861705,11.39230828,22.93753345,8.257512042,52.28993042,99.89803122
19,Cauca,19001,Popayán,2020.0,10.20893282,5.85364023,120.9082622,16.24415457,9.309413568,10.25769327,25.01876407,7.255441581,48.38628972,99.69422856
52,NARIÑO,52835,San Andres De Tumaco,2006.0,8.210356855,3.761394102,123.5915075,10.3475723,3.417259602,18.76675603,107.2386059,12.33243968,44.42653774,99.45085118
54,Norte de Santander,"54,001",Cúcuta,2018.0,8.309600658,5.712034928,94.14313897,129.7356828,8.740532087,13.98380157,44.29258416,8.47886611,52.67653759,99.73531311
76,Valle del Cauca,76001,Cali,2016.0,10.28459216,6.909908854,55.76014239,99.42461993,7.336764199,13.51074119,49.82268984,,,99.75354653
50,Meta,50001,Villavicencio,2012,6.30645986,5.230153322,126.7387218,159.2666858,6.348862597,,59.62521295,7.155025554,35.49403748,99.60090231
47, MAGDALENA ,47001,Santa Marta,2009.0,9.833946505,5.951008646,100.0544581,9.254701191,6.07890335,27.2284607,129.1861274,16.49607473,68.45831671,99.6350365
15,Boyacá,sin dato,Tunja,2007,12.61798311,6.008275405,137.5843366,14.67710372,8.640449229,16.55081099,231.7113539,12.08209202,30.70553163,99.35680433
11,"Bogotá, D.C.","11,001","Bogotá, D.C.",2008,13.07504363,6.581997257,74.01419204,61.54461494,4.458528044,15.2192612,48.04451091,9.546909266,36.8847866,99.68172029
52,  Nariño  ,52356,Ipiales,2009,,5.648330059,127.3179124,41.13029827,4.477041664,8.185985593,65.48788474,6.548788474,43.47683207,99.43465248
8,Atlántico,8758,Soledad,2012,8.091687379,5.169566418,33.43997562,7.129147244,1.169757791,,,11.04667219,77.24385529,99.80397648
70,sucre,70001,Sincelejo,2015,10.56982843,6.493957704,,73.28722003,8.172030508,12.44002133,44.42864759,7.819441976,81.76648303,99.93653096
47,  Magdalena  ,47189,Ciénaga,2015,7.875691784,5.395487441,130.2489781,33.33333333,4.552817475,14.47424436,85.14261388,10.21711367,,99.87029831
23,córdoba,23001,Montería,2011,13.03501946,5.04179525,180.9636301,149.6862521,8.303434876,,127.4654502,18.51603381,,99.82067729
73,tolima,73001,Ibagué,2007,7.949238579,5.714802532,,86.14197814,6.310367284,17.28469501,50.24620641,11.7576123,35.06036217,98.65156974
13,bolivar,13001,Cartagena,2014,8.333333333,6.597803706,113.1402045,40.40756237,5.027373838,11.38519924,,7.146029311,65.14594856,99.89713204
5,Antioquia,5045,Apartadó,2009,,5.459557258,161.9181616,50.90909091,3.448855424,8.727117923,,4.895700298,,99.50162514
8,Atlántico,8638,Sabanalarga,2012.0,,6.419522777,142.2211809,11.5780446,4.555184158,12.5813449,86.76789588,6.507592191,49.71800434,-10.57
11,"Bogotá, D.C.",11001,"Bogotá, D.C.",2015,,6.955054752,56.20035109,89.76187356,4.520875876,10.17979793,44.88596424,6.690549387,42.99905994,99.78989417
44,La Guajira,44001,Riohacha,2019,10.31671789,3.899265197,163.8747269,15.5201894,4.06647356,,173.6806947,10.28724115,43.72745491,99.09725072
68,Santander,68001,Bucaramanga,2008,10.70625281,6.501086262,115.7841184,20.16028049,7.972230479,11.0543131,51.11821086,7.220447284,53.71047399,99.60704696
11,"Bogotá, D.C.",11001,"Bogotá, D.C.",2011,13.73953386,5.915284796,65.88303854,76.23195659,4.434101377,13.12036026,47.40259191,8.591719783,40.14766021,99.78342465
